date,top1_daily,top1_cum,top2_daily,top2_cum,top3_daily,top3_cum,top4_daily,top4_cum,top5_daily,top5_cum
2023-11-06,0.0,0.0,0.0,0.0,0.0,0.0,0.0,0.0,0.0,0.0
2023-11-07,0.0,0.0,0.0,0.0,0.0,0.0,0.0,0.0,918.0,918.0
2023-11-08,0.0,0.0,0.0,0.0,0.0,0.0,0.0,0.0,0.0,918.0
2023-11-09,0.0,0.0,0.0,0.0,0.0,0.0,0.0,0.0,0.0,918.0
2023-11-10,-13456.0,-13456.0,-6728.0,-6728.0,0.0,0.0,-13456.0,-13456.0,-6728.0,-5810.0
2023-11-13,0.0,-13456.0,0.0,-6728.0,0.0,0.0,0.0,-13456.0,0.0,-5810.0
2023-11-14,16824.0,3368.0,12618.0,5890.0,37854.0,37854.0,16824.0,3368.0,21030.0,15220.0
2023-11-15,18642.0,22010.0,15535.0,21425.0,24856.0,62710.0,18642.0,22010.0,21749.0,36969.0
2023-11-16,7172.0,29182.0,3586.0,25011.0,0.0,62710.0,7172.0,29182.0,3586.0,40555.0
2023-11-17,0.0,29182.0,0.0,25011.0,0.0,62710.0,0.0,29182.0,0.0,40555.0
2023-11-20,0.0,29182.0,0.0,25011.0,0.0,62710.0,0.0,29182.0,0.0,40555.0
2023-11-21,0.0,29182.0,0.0,25011.0,0.0,62710.0,0.0,29182.0,0.0,40555.0
2023-11-22,12116.0,41298.0,9087.0,34098.0,24232.0,86942.0,5216.0,34398.0,6058.0,46613.0
2023-11-24,1145.0,42443.0,1145.0,35243.0,0.0,86942.0,1145.0,35543.0,1145.0,47758.0
2023-11-27,0.0,42443.0,0.0,35243.0,0.0,86942.0,0.0,35543.0,4139.0,51897.0
2023-11-28,0.0,42443.0,0.0,35243.0,0.0,86942.0,0.0,35543.0,0.0,51897.0
2023-11-29,0.0,42443.0,0.0,35243.0,0.0,86942.0,0.0,35543.0,0.0,51897.0
2023-11-30,14432.0,56875.0,10824.0,46067.0,28864.0,115806.0,14432.0,49975.0,18040.0,69937.0
2023-12-01,0.0,56875.0,0.0,46067.0,0.0,115806.0,0.0,49975.0,0.0,69937.0
2023-12-04,2392.0,59267.0,2392.0,48459.0,0.0,115806.0,2392.0,52367.0,2392.0,72329.0
2023-12-05,5174.0,64441.0,2587.0,51046.0,0.0,115806.0,5174.0,57541.0,2587.0,74916.0
2023-12-06,0.0,64441.0,0.0,51046.0,0.0,115806.0,0.0,57541.0,0.0,74916.0
2023-12-07,0.0,64441.0,0.0,51046.0,0.0,115806.0,0.0,57541.0,0.0,74916.0
2023-12-08,-5456.0,58985.0,-2728.0,48318.0,0.0,115806.0,-5456.0,52085.0,-2728.0,72188.0
2023-12-11,-10545.0,48440.0,-10545.0,37773.0,-24605.0,91201.0,-10545.0,41540.0,-7030.0,65158.0
2023-12-12,0.0,48440.0,0.0,37773.0,0.0,91201.0,0.0,41540.0,0.0,65158.0
2023-12-13,0.0,48440.0,0.0,37773.0,0.0,91201.0,0.0,41540.0,0.0,65158.0
2023-12-14,36828.0,85268.0,28644.0,66417.0,36828.0,128029.0,36828.0,78368.0,32736.0,97894.0
2023-12-15,13400.0,98668.0,10050.0,76467.0,30150.0,158179.0,13400.0,91768.0,13400.0,111294.0
2023-12-18,0.0,98668.0,0.0,76467.0,0.0,158179.0,0.0,91768.0,0.0,111294.0
2023-12-19,0.0,98668.0,0.0,76467.0,0.0,158179.0,0.0,91768.0,0.0,111294.0
2023-12-20,0.0,98668.0,0.0,76467.0,0.0,158179.0,0.0,91768.0,0.0,111294.0
2023-12-21,0.0,98668.0,0.0,76467.0,0.0,158179.0,0.0,91768.0,0.0,111294.0
2023-12-22,0.0,98668.0,0.0,76467.0,0.0,158179.0,0.0,91768.0,0.0,111294.0
2023-12-26,0.0,98668.0,0.0,76467.0,0.0,158179.0,0.0,91768.0,0.0,111294.0
2023-12-27,0.0,98668.0,0.0,76467.0,0.0,158179.0,0.0,91768.0,0.0,111294.0
2023-12-28,0.0,98668.0,0.0,76467.0,0.0,158179.0,0.0,91768.0,0.0,111294.0
2023-12-29,0.0,98668.0,0.0,76467.0,0.0,158179.0,0.0,91768.0,0.0,111294.0
2024-01-02,8172.0,106840.0,6129.0,82596.0,16344.0,174523.0,8172.0,99940.0,4086.0,115380.0
2024-01-03,0.0,106840.0,0.0,82596.0,0.0,174523.0,0.0,99940.0,0.0,115380.0
2024-01-04,0.0,106840.0,0.0,82596.0,0.0,174523.0,0.0,99940.0,0.0,115380.0
2024-01-05,0.0,106840.0,0.0,82596.0,0.0,174523.0,0.0,99940.0,0.0,115380.0
2024-01-08,0.0,106840.0,0.0,82596.0,0.0,174523.0,0.0,99940.0,0.0,115380.0
2024-01-09,0.0,106840.0,0.0,82596.0,0.0,174523.0,0.0,99940.0,0.0,115380.0
2024-01-10,-6224.0,100616.0,-3112.0,79484.0,0.0,174523.0,-6224.0,93716.0,-3112.0,112268.0
2024-01-11,71862.0,172478.0,61596.0,141080.0,102660.0,277183.0,44247.0,137963.0,71862.0,184130.0
2024-01-12,21426.0,193904.0,17855.0,158935.0,32139.0,309322.0,21426.0,159389.0,17855.0,201985.0
2024-01-16,0.0,193904.0,0.0,158935.0,0.0,309322.0,0.0,159389.0,4824.0,206809.0
2024-01-17,5650.0,199554.0,2825.0,161760.0,0.0,309322.0,5650.0,165039.0,2825.0,209634.0
2024-01-18,0.0,199554.0,0.0,161760.0,0.0,309322.0,0.0,165039.0,0.0,209634.0
2024-01-19,0.0,199554.0,0.0,161760.0,0.0,309322.0,0.0,165039.0,0.0,209634.0
2024-01-22,-592.0,198962.0,-296.0,161464.0,0.0,309322.0,-592.0,164447.0,-592.0,209042.0
2024-01-23,0.0,198962.0,0.0,161464.0,0.0,309322.0,0.0,164447.0,0.0,209042.0
2024-01-24,0.0,198962.0,0.0,161464.0,0.0,309322.0,0.0,164447.0,0.0,209042.0
2024-01-25,8472.0,207434.0,4236.0,165700.0,0.0,309322.0,8472.0,172919.0,4236.0,213278.0
2024-01-26,7646.0,215080.0,3823.0,169523.0,0.0,309322.0,7646.0,180565.0,11469.0,224747.0
2024-01-29,0.0,215080.0,0.0,169523.0,0.0,309322.0,0.0,180565.0,0.0,224747.0
2024-01-30,0.0,215080.0,0.0,169523.0,0.0,309322.0,0.0,180565.0,0.0,224747.0
2024-01-31,0.0,215080.0,0.0,169523.0,0.0,309322.0,0.0,180565.0,-14786.0,209961.0
2024-02-01,0.0,215080.0,0.0,169523.0,0.0,309322.0,0.0,180565.0,0.0,209961.0
2024-02-02,-8340.0,206740.0,-6255.0,163268.0,-18765.0,290557.0,-8340.0,172225.0,-4170.0,205791.0
2024-02-05,15668.0,222408.0,11751.0,175019.0,35253.0,325810.0,15668.0,187893.0,15668.0,221459.0
2024-02-06,13580.0,235988.0,10185.0,185204.0,27160.0,352970.0,13580.0,201473.0,6790.0,228249.0
2024-02-07,0.0,235988.0,0.0,185204.0,0.0,352970.0,0.0,201473.0,0.0,228249.0
2024-02-08,0.0,235988.0,0.0,185204.0,0.0,352970.0,0.0,201473.0,0.0,228249.0
2024-02-09,0.0,235988.0,0.0,185204.0,0.0,352970.0,0.0,201473.0,0.0,228249.0
2024-02-12,0.0,235988.0,0.0,185204.0,0.0,352970.0,0.0,201473.0,0.0,228249.0
2024-02-13,32825.0,268813.0,26260.0,211464.0,65650.0,418620.0,32825.0,234298.0,45955.0,274204.0
2024-02-14,0.0,268813.0,0.0,211464.0,0.0,418620.0,0.0,234298.0,0.0,274204.0
2024-02-15,0.0,268813.0,0.0,211464.0,0.0,418620.0,0.0,234298.0,0.0,274204.0
2024-02-16,0.0,268813.0,0.0,211464.0,0.0,418620.0,0.0,234298.0,0.0,274204.0
2024-02-20,0.0,268813.0,0.0,211464.0,0.0,418620.0,0.0,234298.0,0.0,274204.0
2024-02-21,0.0,268813.0,0.0,211464.0,0.0,418620.0,0.0,234298.0,0.0,274204.0
2024-02-22,-9246.0,259567.0,-9246.0,202218.0,0.0,418620.0,-9246.0,225052.0,-9246.0,264958.0
2024-02-23,-3376.0,256191.0,-1688.0,200530.0,0.0,418620.0,-3376.0,221676.0,-3376.0,261582.0
2024-02-26,-11002.0,245189.0,-5501.0,195029.0,0.0,418620.0,-11002.0,210674.0,-5501.0,256081.0
2024-02-27,0.0,245189.0,0.0,195029.0,0.0,418620.0,0.0,210674.0,0.0,256081.0
2024-02-28,0.0,245189.0,0.0,195029.0,0.0,418620.0,0.0,210674.0,0.0,256081.0
2024-02-29,0.0,245189.0,0.0,195029.0,0.0,418620.0,0.0,210674.0,0.0,256081.0
2024-03-01,0.0,245189.0,0.0,195029.0,0.0,418620.0,0.0,210674.0,0.0,256081.0
2024-03-04,0.0,245189.0,0.0,195029.0,0.0,418620.0,0.0,210674.0,0.0,256081.0
2024-03-05,0.0,245189.0,0.0,195029.0,0.0,418620.0,0.0,210674.0,-8137.0,247944.0
2024-03-06,7802.0,252991.0,7802.0,202831.0,0.0,418620.0,7802.0,218476.0,3901.0,251845.0
2024-03-07,1062.0,254053.0,531.0,203362.0,0.0,418620.0,1062.0,219538.0,531.0,252376.0
2024-03-08,-4712.0,249341.0,-2356.0,201006.0,0.0,418620.0,-4712.0,214826.0,-4712.0,247664.0
2024-03-11,0.0,249341.0,0.0,201006.0,0.0,418620.0,0.0,214826.0,0.0,247664.0
2024-03-12,0.0,249341.0,0.0,201006.0,0.0,418620.0,0.0,214826.0,0.0,247664.0
2024-03-13,0.0,249341.0,0.0,201006.0,0.0,418620.0,0.0,214826.0,0.0,247664.0
2024-03-14,6570.0,255911.0,6570.0,207576.0,0.0,418620.0,6570.0,221396.0,9855.0,257519.0
2024-03-15,0.0,255911.0,0.0,207576.0,0.0,418620.0,0.0,221396.0,0.0,257519.0
2024-03-18,0.0,255911.0,0.0,207576.0,0.0,418620.0,0.0,221396.0,0.0,257519.0
2024-03-19,0.0,255911.0,0.0,207576.0,0.0,418620.0,0.0,221396.0,0.0,257519.0
2024-03-20,0.0,255911.0,0.0,207576.0,0.0,418620.0,0.0,221396.0,0.0,257519.0
2024-03-21,5802.0,261713.0,2901.0,210477.0,0.0,418620.0,5802.0,227198.0,2901.0,260420.0
2024-03-22,0.0,261713.0,0.0,210477.0,0.0,418620.0,0.0,227198.0,0.0,260420.0
2024-03-25,0.0,261713.0,0.0,210477.0,0.0,418620.0,0.0,227198.0,0.0,260420.0
2024-03-26,0.0,261713.0,0.0,210477.0,0.0,418620.0,0.0,227198.0,0.0,260420.0
2024-03-27,0.0,261713.0,0.0,210477.0,0.0,418620.0,0.0,227198.0,0.0,260420.0
2024-03-28,0.0,261713.0,0.0,210477.0,0.0,418620.0,0.0,227198.0,0.0,260420.0
2024-04-01,0.0,261713.0,0.0,210477.0,0.0,418620.0,0.0,227198.0,0.0,260420.0
2024-04-02,0.0,261713.0,0.0,210477.0,0.0,418620.0,0.0,227198.0,0.0,260420.0
2024-04-03,0.0,261713.0,0.0,210477.0,0.0,418620.0,0.0,227198.0,0.0,260420.0
2024-04-04,0.0,261713.0,0.0,210477.0,0.0,418620.0,0.0,227198.0,0.0,260420.0
2024-04-05,0.0,261713.0,0.0,210477.0,0.0,418620.0,0.0,227198.0,0.0,260420.0
2024-04-08,0.0,261713.0,0.0,210477.0,0.0,418620.0,0.0,227198.0,0.0,260420.0
2024-04-09,0.0,261713.0,0.0,210477.0,0.0,418620.0,0.0,227198.0,0.0,260420.0
2024-04-10,130884.0,392597.0,100680.0,311157.0,130884.0,549504.0,72644.0,299842.0,60408.0,320828.0
2024-04-11,0.0,392597.0,0.0,311157.0,0.0,549504.0,0.0,299842.0,0.0,320828.0
2024-04-12,0.0,392597.0,0.0,311157.0,0.0,549504.0,0.0,299842.0,0.0,320828.0
2024-04-15,0.0,392597.0,0.0,311157.0,0.0,549504.0,0.0,299842.0,0.0,320828.0
2024-04-16,0.0,392597.0,0.0,311157.0,0.0,549504.0,0.0,299842.0,0.0,320828.0
2024-04-17,0.0,392597.0,0.0,311157.0,0.0,549504.0,0.0,299842.0,0.0,320828.0
2024-04-18,0.0,392597.0,0.0,311157.0,0.0,549504.0,0.0,299842.0,0.0,320828.0
2024-04-19,0.0,392597.0,0.0,311157.0,0.0,549504.0,0.0,299842.0,0.0,320828.0
2024-04-22,0.0,392597.0,0.0,311157.0,0.0,549504.0,0.0,299842.0,0.0,320828.0
2024-04-23,0.0,392597.0,0.0,311157.0,0.0,549504.0,0.0,299842.0,0.0,320828.0
2024-04-24,22380.0,414977.0,16785.0,327942.0,50355.0,599859.0,19040.0,318882.0,11190.0,332018.0
2024-04-25,-28040.0,386937.0,-22432.0,305510.0,-61688.0,538171.0,-28040.0,290842.0,-16824.0,315194.0
2024-04-26,24975.0,411912.0,19980.0,325490.0,54945.0,593116.0,24975.0,315817.0,14985.0,330179.0
2024-04-29,7638.0,419550.0,3819.0,329309.0,0.0,593116.0,4008.0,319825.0,7638.0,337817.0
2024-04-30,0.0,419550.0,0.0,329309.0,0.0,593116.0,0.0,319825.0,0.0,337817.0
2024-05-01,0.0,419550.0,0.0,329309.0,0.0,593116.0,0.0,319825.0,0.0,337817.0
2024-05-02,0.0,419550.0,0.0,329309.0,0.0,593116.0,0.0,319825.0,0.0,337817.0
2024-05-03,10520.0,430070.0,10520.0,339829.0,0.0,593116.0,6400.0,326225.0,10520.0,348337.0
2024-05-06,0.0,430070.0,0.0,339829.0,0.0,593116.0,0.0,326225.0,0.0,348337.0
2024-05-07,0.0,430070.0,0.0,339829.0,0.0,593116.0,0.0,326225.0,0.0,348337.0
2024-05-08,0.0,430070.0,0.0,339829.0,0.0,593116.0,0.0,326225.0,0.0,348337.0
2024-05-09,0.0,430070.0,0.0,339829.0,0.0,593116.0,0.0,326225.0,0.0,348337.0
2024-05-10,4530.0,434600.0,2265.0,342094.0,0.0,593116.0,4530.0,330755.0,4530.0,352867.0
2024-05-13,0.0,434600.0,0.0,342094.0,0.0,593116.0,0.0,330755.0,0.0,352867.0
2024-05-14,0.0,434600.0,0.0,342094.0,0.0,593116.0,0.0,330755.0,0.0,352867.0
2024-05-15,-52614.0,381986.0,-43845.0,298249.0,-70152.0,522964.0,-52614.0,278141.0,-61383.0,291484.0
2024-05-16,0.0,381986.0,0.0,298249.0,0.0,522964.0,0.0,278141.0,0.0,291484.0
2024-05-17,0.0,381986.0,0.0,298249.0,0.0,522964.0,0.0,278141.0,0.0,291484.0
2024-05-20,0.0,381986.0,0.0,298249.0,0.0,522964.0,0.0,278141.0,0.0,291484.0
2024-05-21,0.0,381986.0,0.0,298249.0,0.0,522964.0,0.0,278141.0,0.0,291484.0
2024-05-22,0.0,381986.0,0.0,298249.0,0.0,522964.0,0.0,278141.0,0.0,291484.0
2024-05-23,-15816.0,366170.0,-15816.0,282433.0,0.0,522964.0,-15816.0,262325.0,-7908.0,283576.0
2024-05-24,0.0,366170.0,0.0,282433.0,0.0,522964.0,0.0,262325.0,0.0,283576.0
2024-05-28,0.0,366170.0,0.0,282433.0,0.0,522964.0,0.0,262325.0,0.0,283576.0
2024-05-29,0.0,366170.0,0.0,282433.0,0.0,522964.0,0.0,262325.0,0.0,283576.0
2024-05-30,0.0,366170.0,0.0,282433.0,0.0,522964.0,0.0,262325.0,0.0,283576.0
2024-05-31,0.0,366170.0,0.0,282433.0,0.0,522964.0,0.0,262325.0,0.0,283576.0
2024-06-03,-8418.0,357752.0,-4209.0,278224.0,0.0,522964.0,-8418.0,253907.0,-4209.0,279367.0
2024-06-04,0.0,357752.0,0.0,278224.0,0.0,522964.0,0.0,253907.0,0.0,279367.0
2024-06-05,0.0,357752.0,0.0,278224.0,0.0,522964.0,0.0,253907.0,0.0,279367.0
2024-06-06,0.0,357752.0,0.0,278224.0,0.0,522964.0,0.0,253907.0,0.0,279367.0
2024-06-07,17876.0,375628.0,13407.0,291631.0,40221.0,563185.0,17876.0,271783.0,26814.0,306181.0
2024-06-10,0.0,375628.0,0.0,291631.0,0.0,563185.0,0.0,271783.0,0.0,306181.0
2024-06-11,0.0,375628.0,0.0,291631.0,0.0,563185.0,0.0,271783.0,-10185.0,295996.0
2024-06-12,41664.0,417292.0,29760.0,321391.0,83328.0,646513.0,41664.0,313447.0,41664.0,337660.0
2024-06-13,15656.0,432948.0,11742.0,333133.0,35226.0,681739.0,15656.0,329103.0,15656.0,353316.0
2024-06-14,0.0,432948.0,0.0,333133.0,0.0,681739.0,0.0,329103.0,1077.0,354393.0
2024-06-17,0.0,432948.0,0.0,333133.0,0.0,681739.0,0.0,329103.0,0.0,354393.0
2024-06-18,8010.0,440958.0,4005.0,337138.0,0.0,681739.0,5460.0,334563.0,4005.0,358398.0
2024-06-20,0.0,440958.0,0.0,337138.0,0.0,681739.0,0.0,334563.0,0.0,358398.0
2024-06-21,56370.0,497328.0,45096.0,382234.0,56370.0,738109.0,36320.0,370883.0,28185.0,386583.0
2024-06-24,0.0,497328.0,0.0,382234.0,0.0,738109.0,0.0,370883.0,0.0,386583.0
2024-06-25,-3656.0,493672.0,-1828.0,380406.0,0.0,738109.0,-3656.0,367227.0,-1828.0,384755.0
2024-06-26,0.0,493672.0,0.0,380406.0,0.0,738109.0,0.0,367227.0,0.0,384755.0
2024-06-27,0.0,493672.0,0.0,380406.0,0.0,738109.0,0.0,367227.0,0.0,384755.0
2024-06-28,0.0,493672.0,0.0,380406.0,0.0,738109.0,0.0,367227.0,0.0,384755.0
2024-07-01,0.0,493672.0,0.0,380406.0,0.0,738109.0,0.0,367227.0,0.0,384755.0
2024-07-02,-17538.0,476134.0,-8769.0,371637.0,0.0,738109.0,-17538.0,349689.0,-8769.0,375986.0
2024-07-03,0.0,476134.0,0.0,371637.0,0.0,738109.0,0.0,349689.0,0.0,375986.0
2024-07-05,-8248.0,467886.0,-4124.0,367513.0,0.0,738109.0,-8248.0,341441.0,-4124.0,371862.0
2024-07-08,3144.0,471030.0,3144.0,370657.0,0.0,738109.0,3144.0,344585.0,6288.0,378150.0
2024-07-09,0.0,471030.0,0.0,370657.0,0.0,738109.0,0.0,344585.0,0.0,378150.0
2024-07-10,0.0,471030.0,0.0,370657.0,0.0,738109.0,0.0,344585.0,0.0,378150.0
2024-07-11,-4564.0,466466.0,-2282.0,368375.0,0.0,738109.0,-4564.0,340021.0,-4564.0,373586.0
2024-07-12,-11684.0,454782.0,-5842.0,362533.0,0.0,738109.0,-11684.0,328337.0,-5842.0,367744.0
2024-07-15,8852.0,463634.0,4426.0,366959.0,0.0,738109.0,8852.0,337189.0,4426.0,372170.0
2024-07-16,-7819.0,455815.0,-5585.0,361374.0,-10053.0,728056.0,-7819.0,329370.0,-7819.0,364351.0
2024-07-17,-4974.0,450841.0,-4974.0,356400.0,0.0,728056.0,-4974.0,324396.0,-12435.0,351916.0
2024-07-18,0.0,450841.0,0.0,356400.0,0.0,728056.0,0.0,324396.0,0.0,351916.0
2024-07-19,0.0,450841.0,0.0,356400.0,0.0,728056.0,0.0,324396.0,0.0,351916.0
2024-07-22,0.0,450841.0,0.0,356400.0,0.0,728056.0,0.0,324396.0,0.0,351916.0
2024-07-23,0.0,450841.0,0.0,356400.0,0.0,728056.0,0.0,324396.0,0.0,351916.0
2024-07-24,0.0,450841.0,0.0,356400.0,0.0,728056.0,0.0,324396.0,0.0,351916.0
2024-07-25,0.0,450841.0,0.0,356400.0,0.0,728056.0,0.0,324396.0,0.0,351916.0
2024-07-26,0.0,450841.0,0.0,356400.0,0.0,728056.0,0.0,324396.0,0.0,351916.0
2024-07-29,0.0,450841.0,0.0,356400.0,0.0,728056.0,0.0,324396.0,0.0,351916.0
2024-07-30,0.0,450841.0,0.0,356400.0,0.0,728056.0,0.0,324396.0,0.0,351916.0
2024-07-31,0.0,450841.0,0.0,356400.0,0.0,728056.0,0.0,324396.0,0.0,351916.0
2024-08-01,-5545.0,445296.0,-4436.0,351964.0,-12199.0,715857.0,-5545.0,318851.0,-5545.0,346371.0
2024-08-02,134710.0,580006.0,134710.0,486674.0,134710.0,850567.0,134710.0,453561.0,80826.0,427197.0
2024-08-05,0.0,580006.0,0.0,486674.0,0.0,850567.0,0.0,453561.0,0.0,427197.0
2024-08-06,-2279.0,577727.0,-2279.0,484395.0,0.0,850567.0,-2279.0,451282.0,-2279.0,424918.0
2024-08-07,0.0,577727.0,0.0,484395.0,0.0,850567.0,0.0,451282.0,0.0,424918.0
2024-08-08,0.0,577727.0,0.0,484395.0,0.0,850567.0,0.0,451282.0,0.0,424918.0
2024-08-09,0.0,577727.0,0.0,484395.0,0.0,850567.0,0.0,451282.0,0.0,424918.0
2024-08-12,0.0,577727.0,0.0,484395.0,0.0,850567.0,0.0,451282.0,0.0,424918.0
2024-08-13,0.0,577727.0,0.0,484395.0,0.0,850567.0,0.0,451282.0,0.0,424918.0
2024-08-14,-3300.0,574427.0,-3300.0,481095.0,0.0,850567.0,-3300.0,447982.0,-4950.0,419968.0
2024-08-15,1480.0,575907.0,1184.0,482279.0,2960.0,853527.0,1480.0,449462.0,1480.0,421448.0
2024-08-16,3298.0,579205.0,3298.0,485577.0,0.0,853527.0,3298.0,452760.0,4947.0,426395.0
2024-08-19,-17836.0,561369.0,-8918.0,476659.0,0.0,853527.0,-17836.0,434924.0,-8918.0,417477.0
2024-08-20,0.0,561369.0,0.0,476659.0,0.0,853527.0,0.0,434924.0,0.0,417477.0
2024-08-21,0.0,561369.0,0.0,476659.0,0.0,853527.0,0.0,434924.0,0.0,417477.0
2024-08-22,-3012.0,558357.0,-1506.0,475153.0,0.0,853527.0,-3012.0,431912.0,-1506.0,415971.0
2024-08-23,21930.0,580287.0,18275.0,493428.0,47515.0,901042.0,21930.0,453842.0,14620.0,430591.0
2024-08-26,1038.0,581325.0,519.0,493947.0,0.0,901042.0,1038.0,454880.0,519.0,431110.0
2024-08-27,0.0,581325.0,0.0,493947.0,0.0,901042.0,0.0,454880.0,0.0,431110.0
2024-08-28,0.0,581325.0,0.0,493947.0,0.0,901042.0,0.0,454880.0,0.0,431110.0
2024-08-29,0.0,581325.0,0.0,493947.0,0.0,901042.0,0.0,454880.0,0.0,431110.0
2024-08-30,-10260.0,571065.0,-8208.0,485739.0,-22572.0,878470.0,-10260.0,444620.0,-6156.0,424954.0
2024-09-03,0.0,571065.0,0.0,485739.0,0.0,878470.0,0.0,444620.0,-3550.0,421404.0
2024-09-04,0.0,571065.0,0.0,485739.0,0.0,878470.0,0.0,444620.0,0.0,421404.0
2024-09-05,0.0,571065.0,0.0,485739.0,0.0,878470.0,0.0,444620.0,0.0,421404.0
2024-09-06,0.0,571065.0,0.0,485739.0,0.0,878470.0,0.0,444620.0,0.0,421404.0
2024-09-09,0.0,571065.0,0.0,485739.0,0.0,878470.0,0.0,444620.0,0.0,421404.0
2024-09-10,0.0,571065.0,0.0,485739.0,0.0,878470.0,0.0,444620.0,0.0,421404.0
2024-09-11,0.0,571065.0,0.0,485739.0,0.0,878470.0,0.0,444620.0,0.0,421404.0
2024-09-12,-27400.0,543665.0,-20550.0,465189.0,-61650.0,816820.0,-27400.0,417220.0,-13700.0,407704.0
2024-09-13,0.0,543665.0,0.0,465189.0,0.0,816820.0,0.0,417220.0,0.0,407704.0
2024-09-16,0.0,543665.0,0.0,465189.0,0.0,816820.0,0.0,417220.0,0.0,407704.0
2024-09-17,0.0,543665.0,0.0,465189.0,0.0,816820.0,0.0,417220.0,0.0,407704.0
2024-09-18,0.0,543665.0,0.0,465189.0,0.0,816820.0,0.0,417220.0,0.0,407704.0
2024-09-19,42472.0,586137.0,31854.0,497043.0,53090.0,869910.0,42472.0,459692.0,31854.0,439558.0
2024-09-20,0.0,586137.0,0.0,497043.0,0.0,869910.0,0.0,459692.0,0.0,439558.0
2024-09-23,10732.0,596869.0,8049.0,505092.0,21464.0,891374.0,10732.0,470424.0,10732.0,450290.0
2024-09-24,0.0,596869.0,0.0,505092.0,0.0,891374.0,0.0,470424.0,0.0,450290.0
2024-09-25,0.0,596869.0,0.0,505092.0,0.0,891374.0,0.0,470424.0,0.0,450290.0
2024-09-26,0.0,596869.0,0.0,505092.0,0.0,891374.0,0.0,470424.0,0.0,450290.0
2024-09-27,0.0,596869.0,0.0,505092.0,0.0,891374.0,0.0,470424.0,0.0,450290.0
2024-09-30,0.0,596869.0,0.0,505092.0,0.0,891374.0,0.0,470424.0,0.0,450290.0
2024-10-01,25260.0,622129.0,18945.0,524037.0,56835.0,948209.0,25260.0,495684.0,12630.0,462920.0
2024-10-02,0.0,622129.0,0.0,524037.0,0.0,948209.0,0.0,495684.0,0.0,462920.0
2024-10-03,0.0,622129.0,0.0,524037.0,0.0,948209.0,0.0,495684.0,0.0,462920.0
2024-10-04,0.0,622129.0,0.0,524037.0,0.0,948209.0,0.0,495684.0,0.0,462920.0
2024-10-07,0.0,622129.0,0.0,524037.0,0.0,948209.0,0.0,495684.0,0.0,462920.0
2024-10-08,0.0,622129.0,0.0,524037.0,0.0,948209.0,0.0,495684.0,0.0,462920.0
2024-10-09,0.0,622129.0,0.0,524037.0,0.0,948209.0,0.0,495684.0,0.0,462920.0
2024-10-10,0.0,622129.0,0.0,524037.0,0.0,948209.0,0.0,495684.0,0.0,462920.0
2024-10-11,0.0,622129.0,0.0,524037.0,0.0,948209.0,0.0,495684.0,0.0,462920.0
2024-10-14,0.0,622129.0,0.0,524037.0,0.0,948209.0,0.0,495684.0,0.0,462920.0
2024-10-15,0.0,622129.0,0.0,524037.0,0.0,948209.0,0.0,495684.0,0.0,462920.0
2024-10-16,0.0,622129.0,0.0,524037.0,0.0,948209.0,0.0,495684.0,0.0,462920.0
2024-10-17,-1563.0,620566.0,-1563.0,522474.0,0.0,948209.0,2497.0,498181.0,-1563.0,461357.0
2024-10-18,0.0,620566.0,0.0,522474.0,0.0,948209.0,0.0,498181.0,0.0,461357.0
2024-10-21,0.0,620566.0,0.0,522474.0,0.0,948209.0,0.0,498181.0,0.0,461357.0
2024-10-22,0.0,620566.0,0.0,522474.0,0.0,948209.0,0.0,498181.0,0.0,461357.0
2024-10-23,0.0,620566.0,0.0,522474.0,0.0,948209.0,0.0,498181.0,0.0,461357.0
2024-10-24,0.0,620566.0,0.0,522474.0,0.0,948209.0,0.0,498181.0,0.0,461357.0
2024-10-25,0.0,620566.0,0.0,522474.0,0.0,948209.0,0.0,498181.0,0.0,461357.0
2024-10-28,0.0,620566.0,0.0,522474.0,0.0,948209.0,0.0,498181.0,0.0,461357.0
2024-10-29,0.0,620566.0,0.0,522474.0,0.0,948209.0,0.0,498181.0,0.0,461357.0
2024-10-30,0.0,620566.0,0.0,522474.0,0.0,948209.0,0.0,498181.0,0.0,461357.0
2024-10-31,-9479.0,611087.0,-9479.0,512995.0,0.0,948209.0,-9479.0,488702.0,-9479.0,451878.0
2024-11-01,0.0,611087.0,0.0,512995.0,0.0,948209.0,0.0,488702.0,0.0,451878.0
2024-11-04,0.0,611087.0,0.0,512995.0,0.0,948209.0,0.0,488702.0,0.0,451878.0
2024-11-05,0.0,611087.0,0.0,512995.0,0.0,948209.0,0.0,488702.0,0.0,451878.0
2024-11-06,-13122.0,597965.0,-8748.0,504247.0,0.0,948209.0,-13122.0,475580.0,-4374.0,447504.0
2024-11-07,0.0,597965.0,0.0,504247.0,0.0,948209.0,0.0,475580.0,0.0,447504.0
2024-11-08,0.0,597965.0,0.0,504247.0,0.0,948209.0,0.0,475580.0,0.0,447504.0
2024-11-11,0.0,597965.0,0.0,504247.0,0.0,948209.0,0.0,475580.0,0.0,447504.0
2024-11-12,0.0,597965.0,0.0,504247.0,0.0,948209.0,0.0,475580.0,0.0,447504.0
2024-11-13,8220.0,606185.0,4110.0,508357.0,0.0,948209.0,8220.0,483800.0,8220.0,455724.0
2024-11-14,-25836.0,580349.0,-19377.0,488980.0,-58131.0,890078.0,-25836.0,457964.0,-12918.0,442806.0
2024-11-15,0.0,580349.0,0.0,488980.0,0.0,890078.0,0.0,457964.0,0.0,442806.0
2024-11-18,0.0,580349.0,0.0,488980.0,0.0,890078.0,0.0,457964.0,0.0,442806.0
2024-11-19,0.0,580349.0,0.0,488980.0,0.0,890078.0,0.0,457964.0,0.0,442806.0
2024-11-20,0.0,580349.0,0.0,488980.0,0.0,890078.0,0.0,457964.0,0.0,442806.0
2024-11-21,0.0,580349.0,0.0,488980.0,0.0,890078.0,0.0,457964.0,0.0,442806.0
2024-11-22,0.0,580349.0,0.0,488980.0,0.0,890078.0,0.0,457964.0,0.0,442806.0
2024-11-25,-9912.0,570437.0,-7434.0,481546.0,-19824.0,870254.0,-9912.0,448052.0,-12390.0,430416.0
2024-11-26,-7344.0,563093.0,-3672.0,477874.0,0.0,870254.0,5006.0,453058.0,-7344.0,423072.0
2024-11-27,0.0,563093.0,0.0,477874.0,0.0,870254.0,0.0,453058.0,0.0,423072.0
2024-11-29,0.0,563093.0,0.0,477874.0,0.0,870254.0,0.0,453058.0,0.0,423072.0
2024-12-02,0.0,563093.0,0.0,477874.0,0.0,870254.0,0.0,453058.0,0.0,423072.0
2024-12-03,0.0,563093.0,0.0,477874.0,0.0,870254.0,0.0,453058.0,0.0,423072.0
2024-12-04,0.0,563093.0,0.0,477874.0,0.0,870254.0,0.0,453058.0,0.0,423072.0
2024-12-05,0.0,563093.0,0.0,477874.0,0.0,870254.0,0.0,453058.0,0.0,423072.0
2024-12-06,0.0,563093.0,0.0,477874.0,0.0,870254.0,0.0,453058.0,0.0,423072.0
2024-12-09,0.0,563093.0,0.0,477874.0,0.0,870254.0,0.0,453058.0,0.0,423072.0
2024-12-10,-5785.0,557308.0,-5785.0,472089.0,0.0,870254.0,-5785.0,447273.0,-5785.0,417287.0
2024-12-11,0.0,557308.0,0.0,472089.0,0.0,870254.0,0.0,447273.0,0.0,417287.0
2024-12-12,0.0,557308.0,0.0,472089.0,0.0,870254.0,0.0,447273.0,0.0,417287.0
2024-12-13,0.0,557308.0,0.0,472089.0,0.0,870254.0,0.0,447273.0,0.0,417287.0
2024-12-16,0.0,557308.0,0.0,472089.0,0.0,870254.0,0.0,447273.0,0.0,417287.0
2024-12-17,0.0,557308.0,0.0,472089.0,0.0,870254.0,0.0,447273.0,0.0,417287.0
2024-12-18,0.0,557308.0,0.0,472089.0,0.0,870254.0,0.0,447273.0,0.0,417287.0
2024-12-19,0.0,557308.0,0.0,472089.0,0.0,870254.0,0.0,447273.0,0.0,417287.0
2024-12-20,0.0,557308.0,0.0,472089.0,0.0,870254.0,0.0,447273.0,0.0,417287.0
2024-12-23,0.0,557308.0,0.0,472089.0,0.0,870254.0,0.0,447273.0,0.0,417287.0
2024-12-24,0.0,557308.0,0.0,472089.0,0.0,870254.0,0.0,447273.0,0.0,417287.0
2024-12-26,0.0,557308.0,0.0,472089.0,0.0,870254.0,0.0,447273.0,0.0,417287.0
2024-12-27,0.0,557308.0,0.0,472089.0,0.0,870254.0,0.0,447273.0,-624.0,416663.0
2024-12-30,-23574.0,533734.0,-15716.0,456373.0,-31432.0,838822.0,-23574.0,423699.0,-23574.0,393089.0
2024-12-31,0.0,533734.0,0.0,456373.0,0.0,838822.0,0.0,423699.0,0.0,393089.0
2025-01-02,0.0,533734.0,0.0,456373.0,0.0,838822.0,0.0,423699.0,0.0,393089.0
2025-01-03,0.0,533734.0,0.0,456373.0,0.0,838822.0,0.0,423699.0,0.0,393089.0
2025-01-06,0.0,533734.0,0.0,456373.0,0.0,838822.0,0.0,423699.0,0.0,393089.0
2025-01-07,-1208.0,532526.0,-906.0,455467.0,-2718.0,836104.0,-1208.0,422491.0,-604.0,392485.0
2025-01-08,12300.0,544826.0,10250.0,465717.0,16400.0,852504.0,12300.0,434791.0,6150.0,398635.0
2025-01-10,5812.0,550638.0,4359.0,470076.0,13077.0,865581.0,5812.0,440603.0,2906.0,401541.0
2025-01-13,0.0,550638.0,0.0,470076.0,0.0,865581.0,0.0,440603.0,0.0,401541.0
2025-01-14,0.0,550638.0,0.0,470076.0,0.0,865581.0,0.0,440603.0,0.0,401541.0
2025-01-15,0.0,550638.0,0.0,470076.0,0.0,865581.0,0.0,440603.0,0.0,401541.0
2025-01-16,0.0,550638.0,0.0,470076.0,0.0,865581.0,0.0,440603.0,0.0,401541.0
2025-01-17,51246.0,601884.0,39858.0,509934.0,51246.0,916827.0,51246.0,491849.0,22776.0,424317.0
2025-01-21,-5780.0,596104.0,-4335.0,505599.0,-13005.0,903822.0,-5780.0,486069.0,-4335.0,419982.0
2025-01-22,0.0,596104.0,0.0,505599.0,0.0,903822.0,0.0,486069.0,0.0,419982.0
2025-01-23,0.0,596104.0,0.0,505599.0,0.0,903822.0,0.0,486069.0,0.0,419982.0
2025-01-24,0.0,596104.0,0.0,505599.0,0.0,903822.0,0.0,486069.0,0.0,419982.0
2025-01-27,32442.0,628546.0,27035.0,532634.0,43256.0,947078.0,32442.0,518511.0,32442.0,452424.0
2025-01-28,-4844.0,623702.0,-2422.0,530212.0,0.0,947078.0,-4844.0,513667.0,-2422.0,450002.0
2025-01-29,0.0,623702.0,0.0,530212.0,0.0,947078.0,0.0,513667.0,0.0,450002.0
2025-01-30,0.0,623702.0,0.0,530212.0,0.0,947078.0,0.0,513667.0,0.0,450002.0
2025-01-31,0.0,623702.0,0.0,530212.0,0.0,947078.0,0.0,513667.0,0.0,450002.0
2025-02-03,0.0,623702.0,0.0,530212.0,0.0,947078.0,0.0,513667.0,0.0,450002.0
2025-02-04,0.0,623702.0,0.0,530212.0,0.0,947078.0,0.0,513667.0,0.0,450002.0
2025-02-05,0.0,623702.0,0.0,530212.0,0.0,947078.0,0.0,513667.0,0.0,450002.0
2025-02-06,0.0,623702.0,0.0,530212.0,0.0,947078.0,0.0,513667.0,0.0,450002.0
2025-02-07,-2346.0,621356.0,-1173.0,529039.0,0.0,947078.0,-2346.0,511321.0,-1173.0,448829.0
2025-02-10,0.0,621356.0,0.0,529039.0,0.0,947078.0,0.0,511321.0,0.0,448829.0
2025-02-11,0.0,621356.0,0.0,529039.0,0.0,947078.0,0.0,511321.0,0.0,448829.0
2025-02-12,3044.0,624400.0,1522.0,530561.0,0.0,947078.0,3044.0,514365.0,1522.0,450351.0
2025-02-13,0.0,624400.0,0.0,530561.0,0.0,947078.0,0.0,514365.0,0.0,450351.0
2025-02-14,0.0,624400.0,0.0,530561.0,0.0,947078.0,0.0,514365.0,0.0,450351.0
2025-02-18,0.0,624400.0,0.0,530561.0,0.0,947078.0,0.0,514365.0,0.0,450351.0
2025-02-19,0.0,624400.0,0.0,530561.0,0.0,947078.0,0.0,514365.0,0.0,450351.0
2025-02-20,-244.0,624156.0,-122.0,530439.0,0.0,947078.0,6496.0,520861.0,-122.0,450229.0
2025-02-21,-9010.0,615146.0,-4505.0,525934.0,0.0,947078.0,-9010.0,511851.0,-13515.0,436714.0
2025-02-24,0.0,615146.0,0.0,525934.0,0.0,947078.0,0.0,511851.0,0.0,436714.0
2025-02-25,0.0,615146.0,0.0,525934.0,0.0,947078.0,0.0,511851.0,0.0,436714.0
2025-02-26,0.0,615146.0,0.0,525934.0,0.0,947078.0,0.0,511851.0,0.0,436714.0
2025-02-27,0.0,615146.0,0.0,525934.0,0.0,947078.0,0.0,511851.0,0.0,436714.0
2025-02-28,0.0,615146.0,0.0,525934.0,0.0,947078.0,0.0,511851.0,0.0,436714.0
2025-03-03,0.0,615146.0,0.0,525934.0,0.0,947078.0,0.0,511851.0,0.0,436714.0
2025-03-04,0.0,615146.0,0.0,525934.0,0.0,947078.0,0.0,511851.0,0.0,436714.0
2025-03-05,0.0,615146.0,0.0,525934.0,0.0,947078.0,0.0,511851.0,0.0,436714.0
2025-03-06,0.0,615146.0,0.0,525934.0,0.0,947078.0,0.0,511851.0,0.0,436714.0
2025-03-07,0.0,615146.0,0.0,525934.0,0.0,947078.0,0.0,511851.0,0.0,436714.0
2025-03-10,-8700.0,606446.0,-8700.0,517234.0,0.0,947078.0,-8700.0,503151.0,-8700.0,428014.0
2025-03-11,0.0,606446.0,0.0,517234.0,0.0,947078.0,0.0,503151.0,0.0,428014.0
2025-03-12,0.0,606446.0,0.0,517234.0,0.0,947078.0,0.0,503151.0,0.0,428014.0
2025-03-13,0.0,606446.0,0.0,517234.0,0.0,947078.0,0.0,503151.0,0.0,428014.0
2025-03-14,0.0,606446.0,0.0,517234.0,0.0,947078.0,0.0,503151.0,0.0,428014.0
2025-03-17,0.0,606446.0,0.0,517234.0,0.0,947078.0,0.0,503151.0,0.0,428014.0
2025-03-18,5913.0,612359.0,5913.0,523147.0,0.0,947078.0,5913.0,509064.0,17739.0,445753.0
2025-03-19,-12624.0,599735.0,-9468.0,513679.0,-17358.0,929720.0,-12624.0,496440.0,-6312.0,439441.0
2025-03-20,31620.0,631355.0,23715.0,537394.0,63240.0,992960.0,31620.0,528060.0,47430.0,486871.0
2025-03-21,-26488.0,604867.0,-19866.0,517528.0,-59598.0,933362.0,-26488.0,501572.0,-33110.0,453761.0
2025-03-24,0.0,604867.0,0.0,517528.0,0.0,933362.0,0.0,501572.0,0.0,453761.0
2025-03-25,5298.0,610165.0,5298.0,522826.0,0.0,933362.0,3143.0,504715.0,10596.0,464357.0
2025-03-26,-8216.0,601949.0,-8216.0,514610.0,0.0,933362.0,-8216.0,496499.0,-16432.0,447925.0
2025-03-27,55539.0,657488.0,43197.0,557807.0,55539.0,988901.0,44919.0,541418.0,24684.0,472609.0
2025-03-28,-4895.0,652593.0,-3916.0,553891.0,-9790.0,979111.0,-4895.0,536523.0,-2937.0,469672.0
2025-03-31,0.0,652593.0,0.0,553891.0,0.0,979111.0,0.0,536523.0,0.0,469672.0
2025-04-01,0.0,652593.0,0.0,553891.0,0.0,979111.0,0.0,536523.0,0.0,469672.0
2025-04-02,0.0,652593.0,0.0,553891.0,0.0,979111.0,0.0,536523.0,0.0,469672.0
2025-04-03,0.0,652593.0,0.0,553891.0,0.0,979111.0,0.0,536523.0,0.0,469672.0
2025-04-04,0.0,652593.0,0.0,553891.0,0.0,979111.0,0.0,536523.0,0.0,469672.0
2025-04-07,0.0,652593.0,0.0,553891.0,0.0,979111.0,0.0,536523.0,0.0,469672.0
2025-04-08,0.0,652593.0,0.0,553891.0,0.0,979111.0,0.0,536523.0,0.0,469672.0
2025-04-09,0.0,652593.0,0.0,553891.0,0.0,979111.0,0.0,536523.0,0.0,469672.0
2025-04-10,0.0,652593.0,0.0,553891.0,0.0,979111.0,0.0,536523.0,0.0,469672.0
2025-04-11,0.0,652593.0,0.0,553891.0,0.0,979111.0,0.0,536523.0,0.0,469672.0
2025-04-14,10954.0,663547.0,10954.0,564845.0,0.0,979111.0,10954.0,547477.0,32862.0,502534.0
2025-04-15,0.0,663547.0,0.0,564845.0,0.0,979111.0,0.0,547477.0,-3584.0,498950.0
2025-04-16,0.0,663547.0,0.0,564845.0,0.0,979111.0,0.0,547477.0,0.0,498950.0
2025-04-17,0.0,663547.0,0.0,564845.0,0.0,979111.0,0.0,547477.0,0.0,498950.0
2025-04-21,0.0,663547.0,0.0,564845.0,0.0,979111.0,0.0,547477.0,0.0,498950.0
2025-04-22,0.0,663547.0,0.0,564845.0,0.0,979111.0,0.0,547477.0,0.0,498950.0
2025-04-23,0.0,663547.0,0.0,564845.0,0.0,979111.0,0.0,547477.0,0.0,498950.0
2025-04-24,0.0,663547.0,0.0,564845.0,0.0,979111.0,0.0,547477.0,0.0,498950.0
2025-04-25,-10965.0,652582.0,-10965.0,553880.0,0.0,979111.0,-10965.0,536512.0,-21930.0,477020.0
2025-04-28,22869.0,675451.0,15246.0,569126.0,45738.0,1024849.0,22869.0,559381.0,22869.0,499889.0
2025-04-29,0.0,675451.0,0.0,569126.0,0.0,1024849.0,0.0,559381.0,0.0,499889.0
2025-04-30,0.0,675451.0,0.0,569126.0,0.0,1024849.0,0.0,559381.0,-2505.0,497384.0
2025-05-01,81235.0,756686.0,64988.0,634114.0,113729.0,1138578.0,81235.0,640616.0,97482.0,594866.0
2025-05-02,2925.0,759611.0,2340.0,636454.0,4095.0,1142673.0,2925.0,643541.0,2925.0,597791.0
2025-05-05,0.0,759611.0,0.0,636454.0,0.0,1142673.0,0.0,643541.0,11901.0,609692.0
2025-05-06,0.0,759611.0,0.0,636454.0,0.0,1142673.0,0.0,643541.0,0.0,609692.0
2025-05-07,7559.0,767170.0,7559.0,644013.0,0.0,1142673.0,7559.0,651100.0,7559.0,617251.0
2025-05-08,34376.0,801546.0,17188.0,661201.0,0.0,1142673.0,34376.0,685476.0,17188.0,634439.0
2025-05-09,0.0,801546.0,0.0,661201.0,0.0,1142673.0,0.0,685476.0,0.0,634439.0
2025-05-12,-13288.0,788258.0,-6644.0,654557.0,0.0,1142673.0,-13288.0,672188.0,-6644.0,627795.0
2025-05-13,0.0,788258.0,0.0,654557.0,0.0,1142673.0,0.0,672188.0,0.0,627795.0
2025-05-14,17036.0,805294.0,8518.0,663075.0,0.0,1142673.0,5696.0,677884.0,17036.0,644831.0
2025-05-15,-5356.0,799938.0,-5356.0,657719.0,0.0,1142673.0,-5356.0,672528.0,-16068.0,628763.0
2025-05-16,0.0,799938.0,0.0,657719.0,0.0,1142673.0,0.0,672528.0,0.0,628763.0
2025-05-19,0.0,799938.0,0.0,657719.0,0.0,1142673.0,0.0,672528.0,0.0,628763.0
2025-05-20,2944.0,802882.0,2944.0,660663.0,0.0,1142673.0,2944.0,675472.0,2944.0,631707.0
2025-05-21,0.0,802882.0,0.0,660663.0,0.0,1142673.0,0.0,675472.0,0.0,631707.0
2025-05-22,0.0,802882.0,0.0,660663.0,0.0,1142673.0,0.0,675472.0,0.0,631707.0
2025-05-23,0.0,802882.0,0.0,660663.0,0.0,1142673.0,0.0,675472.0,0.0,631707.0
2025-05-27,0.0,802882.0,0.0,660663.0,0.0,1142673.0,0.0,675472.0,0.0,631707.0
2025-05-28,0.0,802882.0,0.0,660663.0,0.0,1142673.0,0.0,675472.0,0.0,631707.0
2025-05-29,0.0,802882.0,0.0,660663.0,0.0,1142673.0,0.0,675472.0,0.0,631707.0
2025-05-30,-1612.0,801270.0,-1209.0,659454.0,-3224.0,1139449.0,-1612.0,673860.0,-1612.0,630095.0
2025-06-02,-10868.0,790402.0,-10868.0,648586.0,0.0,1139449.0,-10868.0,662992.0,-32604.0,597491.0
2025-06-03,0.0,790402.0,0.0,648586.0,0.0,1139449.0,0.0,662992.0,-3459.0,594032.0
2025-06-04,0.0,790402.0,0.0,648586.0,0.0,1139449.0,0.0,662992.0,0.0,594032.0
2025-06-05,80946.0,871348.0,62958.0,711544.0,80946.0,1220395.0,80946.0,743938.0,71952.0,665984.0
2025-06-06,0.0,871348.0,0.0,711544.0,0.0,1220395.0,0.0,743938.0,0.0,665984.0
2025-06-09,0.0,871348.0,0.0,711544.0,0.0,1220395.0,0.0,743938.0,0.0,665984.0
2025-06-10,0.0,871348.0,0.0,711544.0,0.0,1220395.0,0.0,743938.0,0.0,665984.0
2025-06-11,-10908.0,860440.0,-9090.0,702454.0,-14544.0,1205851.0,-10908.0,733030.0,-10908.0,655076.0
2025-06-12,-1192.0,859248.0,-1192.0,701262.0,0.0,1205851.0,-1192.0,731838.0,-1192.0,653884.0
2025-06-13,0.0,859248.0,0.0,701262.0,0.0,1205851.0,0.0,731838.0,0.0,653884.0
2025-06-16,0.0,859248.0,0.0,701262.0,0.0,1205851.0,0.0,731838.0,0.0,653884.0
2025-06-17,0.0,859248.0,0.0,701262.0,0.0,1205851.0,0.0,731838.0,0.0,653884.0
2025-06-18,0.0,859248.0,0.0,701262.0,0.0,1205851.0,0.0,731838.0,0.0,653884.0
2025-06-20,0.0,859248.0,0.0,701262.0,0.0,1205851.0,0.0,731838.0,0.0,653884.0
2025-06-23,0.0,859248.0,0.0,701262.0,0.0,1205851.0,0.0,731838.0,0.0,653884.0
2025-06-24,0.0,859248.0,0.0,701262.0,0.0,1205851.0,0.0,731838.0,0.0,653884.0
2025-06-25,0.0,859248.0,0.0,701262.0,0.0,1205851.0,0.0,731838.0,0.0,653884.0
2025-06-26,0.0,859248.0,0.0,701262.0,0.0,1205851.0,0.0,731838.0,0.0,653884.0
2025-06-27,0.0,859248.0,0.0,701262.0,0.0,1205851.0,0.0,731838.0,0.0,653884.0
2025-06-30,0.0,859248.0,0.0,701262.0,0.0,1205851.0,0.0,731838.0,0.0,653884.0
2025-07-01,0.0,859248.0,0.0,701262.0,0.0,1205851.0,0.0,731838.0,0.0,653884.0
2025-07-02,0.0,859248.0,0.0,701262.0,0.0,1205851.0,0.0,731838.0,0.0,653884.0
2025-07-03,0.0,859248.0,0.0,701262.0,0.0,1205851.0,0.0,731838.0,0.0,653884.0
2025-07-07,0.0,859248.0,0.0,701262.0,0.0,1205851.0,0.0,731838.0,0.0,653884.0
2025-07-08,0.0,859248.0,0.0,701262.0,0.0,1205851.0,0.0,731838.0,0.0,653884.0
2025-07-09,0.0,859248.0,0.0,701262.0,0.0,1205851.0,0.0,731838.0,0.0,653884.0
2025-07-10,0.0,859248.0,0.0,701262.0,0.0,1205851.0,0.0,731838.0,0.0,653884.0
2025-07-11,0.0,859248.0,0.0,701262.0,0.0,1205851.0,0.0,731838.0,0.0,653884.0
2025-07-14,0.0,859248.0,0.0,701262.0,0.0,1205851.0,0.0,731838.0,0.0,653884.0
2025-07-15,0.0,859248.0,0.0,701262.0,0.0,1205851.0,0.0,731838.0,0.0,653884.0
2025-07-16,-3251.0,855997.0,-3251.0,698011.0,0.0,1205851.0,-3251.0,728587.0,-3251.0,650633.0
2025-07-17,0.0,855997.0,0.0,698011.0,0.0,1205851.0,0.0,728587.0,0.0,650633.0
2025-07-18,0.0,855997.0,0.0,698011.0,0.0,1205851.0,0.0,728587.0,0.0,650633.0
2025-07-21,0.0,855997.0,0.0,698011.0,0.0,1205851.0,0.0,728587.0,0.0,650633.0
2025-07-22,0.0,855997.0,0.0,698011.0,0.0,1205851.0,0.0,728587.0,0.0,650633.0
2025-07-23,-8058.0,847939.0,-8058.0,689953.0,0.0,1205851.0,-8058.0,720529.0,-8058.0,642575.0
2025-07-24,3048.0,850987.0,3048.0,693001.0,0.0,1205851.0,2323.0,722852.0,6096.0,648671.0
2025-07-25,0.0,850987.0,0.0,693001.0,0.0,1205851.0,0.0,722852.0,0.0,648671.0
2025-07-28,0.0,850987.0,0.0,693001.0,0.0,1205851.0,0.0,722852.0,0.0,648671.0
2025-07-29,-5316.0,845671.0,-5316.0,687685.0,0.0,1205851.0,-5316.0,717536.0,-5316.0,643355.0
2025-07-30,0.0,845671.0,0.0,687685.0,0.0,1205851.0,0.0,717536.0,0.0,643355.0
2025-07-31,-24600.0,821071.0,-18450.0,669235.0,-49200.0,1156651.0,-24600.0,692936.0,-6150.0,637205.0
2025-08-01,0.0,821071.0,0.0,669235.0,0.0,1156651.0,0.0,692936.0,0.0,637205.0
2025-08-04,0.0,821071.0,0.0,669235.0,0.0,1156651.0,0.0,692936.0,0.0,637205.0
2025-08-05,0.0,821071.0,0.0,669235.0,0.0,1156651.0,0.0,692936.0,0.0,637205.0
2025-08-06,0.0,821071.0,0.0,669235.0,0.0,1156651.0,0.0,692936.0,0.0,637205.0
2025-08-07,0.0,821071.0,0.0,669235.0,0.0,1156651.0,0.0,692936.0,0.0,637205.0
2025-08-08,0.0,821071.0,0.0,669235.0,0.0,1156651.0,0.0,692936.0,0.0,637205.0
2025-08-11,0.0,821071.0,0.0,669235.0,0.0,1156651.0,0.0,692936.0,0.0,637205.0
2025-08-12,-28845.0,792226.0,-28845.0,640390.0,-28845.0,1127806.0,-28845.0,664091.0,-16025.0,621180.0
2025-08-13,17454.0,809680.0,11636.0,652026.0,34908.0,1162714.0,17454.0,681545.0,11636.0,632816.0
2025-08-14,6444.0,816124.0,6444.0,658470.0,15036.0,1177750.0,7299.0,688844.0,8592.0,641408.0
2025-08-15,4256.0,820380.0,2128.0,660598.0,0.0,1177750.0,4256.0,693100.0,4256.0,645664.0
2025-08-18,0.0,820380.0,0.0,660598.0,0.0,1177750.0,0.0,693100.0,0.0,645664.0
2025-08-19,0.0,820380.0,0.0,660598.0,0.0,1177750.0,0.0,693100.0,-5285.0,640379.0
2025-08-20,0.0,820380.0,0.0,660598.0,0.0,1177750.0,0.0,693100.0,0.0,640379.0
2025-08-21,0.0,820380.0,0.0,660598.0,0.0,1177750.0,0.0,693100.0,0.0,640379.0
2025-08-22,0.0,820380.0,0.0,660598.0,0.0,1177750.0,0.0,693100.0,0.0,640379.0
2025-08-25,0.0,820380.0,0.0,660598.0,0.0,1177750.0,0.0,693100.0,0.0,640379.0
2025-08-26,0.0,820380.0,0.0,660598.0,0.0,1177750.0,0.0,693100.0,0.0,640379.0
2025-08-27,0.0,820380.0,0.0,660598.0,0.0,1177750.0,0.0,693100.0,0.0,640379.0
2025-08-28,-20084.0,800296.0,-15063.0,645535.0,-40168.0,1137582.0,-20084.0,673016.0,-20084.0,620295.0
2025-08-29,8938.0,809234.0,4469.0,650004.0,0.0,1137582.0,8938.0,681954.0,4469.0,624764.0
2025-09-02,0.0,809234.0,0.0,650004.0,0.0,1137582.0,0.0,681954.0,0.0,624764.0
2025-09-03,0.0,809234.0,0.0,650004.0,0.0,1137582.0,0.0,681954.0,0.0,624764.0
2025-09-04,0.0,809234.0,0.0,650004.0,0.0,1137582.0,0.0,681954.0,0.0,624764.0
2025-09-05,-4672.0,804562.0,-3504.0,646500.0,-9344.0,1128238.0,-4672.0,677282.0,-2336.0,622428.0
2025-09-08,0.0,804562.0,0.0,646500.0,0.0,1128238.0,0.0,677282.0,0.0,622428.0
2025-09-10,464.0,805026.0,464.0,646964.0,0.0,1128238.0,464.0,677746.0,464.0,622892.0
2025-09-11,-715.0,804311.0,-715.0,646249.0,0.0,1128238.0,-715.0,677031.0,-715.0,622177.0
2025-09-12,0.0,804311.0,0.0,646249.0,0.0,1128238.0,0.0,677031.0,0.0,622177.0
2025-09-15,0.0,804311.0,0.0,646249.0,0.0,1128238.0,0.0,677031.0,0.0,622177.0
2025-09-16,0.0,804311.0,0.0,646249.0,0.0,1128238.0,0.0,677031.0,0.0,622177.0
2025-09-17,0.0,804311.0,0.0,646249.0,0.0,1128238.0,0.0,677031.0,0.0,622177.0
2025-09-18,14295.0,818606.0,9530.0,655779.0,33355.0,1161593.0,14295.0,691326.0,23825.0,646002.0
2025-09-19,0.0,818606.0,0.0,655779.0,0.0,1161593.0,0.0,691326.0,0.0,646002.0
2025-09-22,0.0,818606.0,0.0,655779.0,0.0,1161593.0,0.0,691326.0,0.0,646002.0
2025-09-23,0.0,818606.0,0.0,655779.0,0.0,1161593.0,0.0,691326.0,0.0,646002.0
2025-09-24,1584.0,820190.0,1584.0,657363.0,0.0,1161593.0,1584.0,692910.0,1584.0,647586.0
2025-09-25,3463.0,823653.0,3463.0,660826.0,0.0,1161593.0,3463.0,696373.0,3463.0,651049.0
2025-09-26,0.0,823653.0,0.0,660826.0,0.0,1161593.0,0.0,696373.0,0.0,651049.0
2025-09-29,0.0,823653.0,0.0,660826.0,0.0,1161593.0,0.0,696373.0,0.0,651049.0
2025-09-30,0.0,823653.0,0.0,660826.0,0.0,1161593.0,0.0,696373.0,0.0,651049.0
2025-10-01,-9712.0,813941.0,-9712.0,651114.0,0.0,1161593.0,-9712.0,686661.0,-9712.0,641337.0
2025-10-02,0.0,813941.0,0.0,651114.0,0.0,1161593.0,0.0,686661.0,0.0,641337.0
2025-10-03,0.0,813941.0,0.0,651114.0,0.0,1161593.0,0.0,686661.0,0.0,641337.0
2025-10-06,0.0,813941.0,0.0,651114.0,0.0,1161593.0,0.0,686661.0,0.0,641337.0
2025-10-07,0.0,813941.0,0.0,651114.0,0.0,1161593.0,0.0,686661.0,0.0,641337.0
2025-10-08,0.0,813941.0,0.0,651114.0,0.0,1161593.0,0.0,686661.0,0.0,641337.0
2025-10-09,0.0,813941.0,0.0,651114.0,0.0,1161593.0,0.0,686661.0,0.0,641337.0
2025-10-10,-1460.0,812481.0,-1460.0,649654.0,0.0,1161593.0,-1460.0,685201.0,-1460.0,639877.0
2025-10-13,0.0,812481.0,0.0,649654.0,0.0,1161593.0,0.0,685201.0,0.0,639877.0
2025-10-14,0.0,812481.0,0.0,649654.0,0.0,1161593.0,0.0,685201.0,0.0,639877.0
2025-10-15,0.0,812481.0,0.0,649654.0,0.0,1161593.0,0.0,685201.0,0.0,639877.0
2025-10-16,0.0,812481.0,0.0,649654.0,0.0,1161593.0,0.0,685201.0,0.0,639877.0
2025-10-17,0.0,812481.0,0.0,649654.0,0.0,1161593.0,0.0,685201.0,0.0,639877.0
2025-10-20,0.0,812481.0,0.0,649654.0,0.0,1161593.0,0.0,685201.0,0.0,639877.0
2025-10-21,0.0,812481.0,0.0,649654.0,0.0,1161593.0,0.0,685201.0,0.0,639877.0
2025-10-22,0.0,812481.0,0.0,649654.0,0.0,1161593.0,0.0,685201.0,0.0,639877.0
2025-10-23,0.0,812481.0,0.0,649654.0,0.0,1161593.0,0.0,685201.0,0.0,639877.0
2025-10-24,0.0,812481.0,0.0,649654.0,0.0,1161593.0,0.0,685201.0,0.0,639877.0
2025-10-27,0.0,812481.0,0.0,649654.0,0.0,1161593.0,0.0,685201.0,0.0,639877.0
2025-10-28,0.0,812481.0,0.0,649654.0,0.0,1161593.0,0.0,685201.0,0.0,639877.0
2025-10-29,0.0,812481.0,0.0,649654.0,0.0,1161593.0,0.0,685201.0,0.0,639877.0
2025-10-30,24540.0,837021.0,16360.0,666014.0,32720.0,1194313.0,24540.0,709741.0,24540.0,664417.0
2025-10-31,0.0,837021.0,0.0,666014.0,0.0,1194313.0,0.0,709741.0,0.0,664417.0
2025-11-03,0.0,837021.0,0.0,666014.0,0.0,1194313.0,0.0,709741.0,0.0,664417.0
2025-11-04,0.0,837021.0,0.0,666014.0,0.0,1194313.0,0.0,709741.0,0.0,664417.0
2025-11-05,0.0,837021.0,0.0,666014.0,0.0,1194313.0,0.0,709741.0,0.0,664417.0
2025-11-06,0.0,837021.0,0.0,666014.0,0.0,1194313.0,0.0,709741.0,0.0,664417.0
2025-11-07,0.0,837021.0,0.0,666014.0,0.0,1194313.0,0.0,709741.0,0.0,664417.0
2025-11-10,0.0,837021.0,0.0,666014.0,0.0,1194313.0,0.0,709741.0,0.0,664417.0
2025-11-11,0.0,837021.0,0.0,666014.0,0.0,1194313.0,0.0,709741.0,0.0,664417.0
2025-11-12,5516.0,842537.0,5516.0,671530.0,0.0,1194313.0,5341.0,715082.0,5516.0,669933.0
2025-11-13,-5720.0,836817.0,-5720.0,665810.0,0.0,1194313.0,-5720.0,709362.0,-5720.0,664213.0
2025-11-14,68322.0,905139.0,56935.0,722745.0,68322.0,1262635.0,68322.0,777684.0,34161.0,698374.0
2025-11-17,-30489.0,874650.0,-20326.0,702419.0,-60978.0,1201657.0,-30489.0,747195.0,-10163.0,688211.0
2025-11-18,0.0,874650.0,0.0,702419.0,0.0,1201657.0,0.0,747195.0,0.0,688211.0
2025-11-19,0.0,874650.0,0.0,702419.0,0.0,1201657.0,0.0,747195.0,0.0,688211.0
2025-11-20,0.0,874650.0,0.0,702419.0,0.0,1201657.0,0.0,747195.0,0.0,688211.0
2025-11-21,0.0,874650.0,0.0,702419.0,0.0,1201657.0,0.0,747195.0,0.0,688211.0
2025-11-24,0.0,874650.0,0.0,702419.0,0.0,1201657.0,0.0,747195.0,0.0,688211.0
2025-11-25,-23480.0,851170.0,-23480.0,678939.0,-58700.0,1142957.0,-23480.0,723715.0,-11740.0,676471.0
2025-11-26,2913.0,854083.0,2913.0,681852.0,0.0,1142957.0,2913.0,726628.0,2913.0,679384.0
2025-11-28,0.0,854083.0,0.0,681852.0,0.0,1142957.0,0.0,726628.0,0.0,679384.0
2025-12-01,2822.0,856905.0,2822.0,684674.0,0.0,1142957.0,2822.0,729450.0,8466.0,687850.0
2025-12-02,5591.0,862496.0,5591.0,690265.0,0.0,1142957.0,5591.0,735041.0,5591.0,693441.0
2025-12-03,2274.0,864770.0,1516.0,691781.0,5306.0,1148263.0,2274.0,737315.0,3790.0,697231.0
2025-12-04,17514.0,882284.0,11676.0,703457.0,40866.0,1189129.0,14934.0,752249.0,23352.0,720583.0
2025-12-05,0.0,882284.0,0.0,703457.0,0.0,1189129.0,0.0,752249.0,0.0,720583.0
2025-12-08,0.0,882284.0,0.0,703457.0,0.0,1189129.0,0.0,752249.0,0.0,720583.0
2025-12-09,0.0,882284.0,0.0,703457.0,0.0,1189129.0,0.0,752249.0,0.0,720583.0
2025-12-10,0.0,882284.0,0.0,703457.0,0.0,1189129.0,0.0,752249.0,0.0,720583.0
2025-12-11,-3336.0,878948.0,-3336.0,700121.0,0.0,1189129.0,-3336.0,748913.0,-3336.0,717247.0
2025-12-12,0.0,878948.0,0.0,700121.0,0.0,1189129.0,0.0,748913.0,0.0,717247.0
2025-12-15,0.0,878948.0,0.0,700121.0,0.0,1189129.0,0.0,748913.0,0.0,717247.0
2025-12-16,0.0,878948.0,0.0,700121.0,0.0,1189129.0,0.0,748913.0,0.0,717247.0
2025-12-17,0.0,878948.0,0.0,700121.0,0.0,1189129.0,0.0,748913.0,0.0,717247.0
2025-12-18,0.0,878948.0,0.0,700121.0,0.0,1189129.0,0.0,748913.0,0.0,717247.0
2025-12-19,0.0,878948.0,0.0,700121.0,0.0,1189129.0,0.0,748913.0,0.0,717247.0
2025-12-22,0.0,878948.0,0.0,700121.0,0.0,1189129.0,0.0,748913.0,0.0,717247.0
2025-12-23,0.0,878948.0,0.0,700121.0,0.0,1189129.0,0.0,748913.0,0.0,717247.0
2025-12-24,0.0,878948.0,0.0,700121.0,0.0,1189129.0,0.0,748913.0,0.0,717247.0
2025-12-26,0.0,878948.0,0.0,700121.0,0.0,1189129.0,0.0,748913.0,0.0,717247.0
2025-12-29,5850.0,884798.0,3900.0,704021.0,11700.0,1200829.0,5850.0,754763.0,7800.0,725047.0
2025-12-30,1845.0,886643.0,1845.0,705866.0,0.0,1200829.0,1845.0,756608.0,1845.0,726892.0
2025-12-31,0.0,886643.0,0.0,705866.0,0.0,1200829.0,0.0,756608.0,0.0,726892.0
2026-01-02,0.0,886643.0,0.0,705866.0,0.0,1200829.0,0.0,756608.0,0.0,726892.0
2026-01-05,0.0,886643.0,0.0,705866.0,0.0,1200829.0,0.0,756608.0,0.0,726892.0
2026-01-06,0.0,886643.0,0.0,705866.0,0.0,1200829.0,0.0,756608.0,0.0,726892.0
2026-01-07,0.0,886643.0,0.0,705866.0,0.0,1200829.0,0.0,756608.0,0.0,726892.0
2026-01-08,12605.0,899248.0,10084.0,715950.0,17647.0,1218476.0,12605.0,769213.0,5042.0,731934.0
2026-01-09,-386.0,898862.0,-193.0,715757.0,0.0,1218476.0,-386.0,768827.0,-579.0,731355.0
2026-01-12,-295.0,898567.0,-295.0,715462.0,0.0,1218476.0,-295.0,768532.0,-295.0,731060.0
2026-01-13,0.0,898567.0,0.0,715462.0,0.0,1218476.0,0.0,768532.0,7346.0,738406.0
2026-01-14,49322.0,947889.0,35230.0,750692.0,49322.0,1267798.0,25326.0,793858.0,21138.0,759544.0
2026-01-15,586.0,948475.0,586.0,751278.0,0.0,1267798.0,586.0,794444.0,586.0,760130.0
2026-01-16,0.0,948475.0,0.0,751278.0,0.0,1267798.0,0.0,794444.0,0.0,760130.0
2026-01-20,0.0,948475.0,0.0,751278.0,0.0,1267798.0,0.0,794444.0,0.0,760130.0
2026-01-21,0.0,948475.0,0.0,751278.0,0.0,1267798.0,0.0,794444.0,0.0,760130.0
2026-01-22,0.0,948475.0,0.0,751278.0,0.0,1267798.0,0.0,794444.0,0.0,760130.0
2026-01-23,0.0,948475.0,0.0,751278.0,0.0,1267798.0,0.0,794444.0,0.0,760130.0
2026-01-26,0.0,948475.0,0.0,751278.0,0.0,1267798.0,0.0,794444.0,0.0,760130.0
2026-01-27,0.0,948475.0,0.0,751278.0,0.0,1267798.0,0.0,794444.0,0.0,760130.0
2026-01-28,0.0,948475.0,0.0,751278.0,0.0,1267798.0,0.0,794444.0,0.0,760130.0
2026-01-29,-3309.0,945166.0,-2206.0,749072.0,-7721.0,1260077.0,-3309.0,791135.0,-3309.0,756821.0
2026-01-30,94232.0,1039398.0,70674.0,819746.0,94232.0,1354309.0,55552.0,846687.0,47116.0,803937.0
2026-02-02,10660.0,1050058.0,8528.0,828274.0,12792.0,1367101.0,10660.0,857347.0,4264.0,808201.0
2026-02-03,0.0,1050058.0,0.0,828274.0,0.0,1367101.0,0.0,857347.0,0.0,808201.0
2026-02-04,0.0,1050058.0,0.0,828274.0,0.0,1367101.0,0.0,857347.0,0.0,808201.0
2026-02-05,0.0,1050058.0,0.0,828274.0,0.0,1367101.0,0.0,857347.0,0.0,808201.0
2026-02-06,0.0,1050058.0,0.0,828274.0,0.0,1367101.0,0.0,857347.0,0.0,808201.0
2026-02-09,0.0,1050058.0,0.0,828274.0,0.0,1367101.0,0.0,857347.0,0.0,808201.0
2026-02-10,0.0,1050058.0,0.0,828274.0,0.0,1367101.0,0.0,857347.0,0.0,808201.0
2026-02-11,23585.0,1073643.0,18868.0,847142.0,33019.0,1400120.0,23585.0,880932.0,9434.0,817635.0
2026-02-12,-4378.0,1069265.0,-4378.0,842764.0,0.0,1400120.0,-4378.0,876554.0,-4378.0,813257.0
2026-02-13,135464.0,1204729.0,101598.0,944362.0,135464.0,1535584.0,111864.0,988418.0,67732.0,880989.0
2026-02-17,0.0,1204729.0,0.0,944362.0,0.0,1535584.0,0.0,988418.0,0.0,880989.0
2026-02-18,0.0,1204729.0,0.0,944362.0,0.0,1535584.0,0.0,988418.0,0.0,880989.0
2026-02-19,0.0,1204729.0,0.0,944362.0,0.0,1535584.0,0.0,988418.0,0.0,880989.0
2026-02-20,0.0,1204729.0,0.0,944362.0,0.0,1535584.0,0.0,988418.0,0.0,880989.0
